contractSymbol,lastTradeDate,strike,lastPrice,bid,ask,change,percentChange,volume,openInterest,impliedVolatility,inTheMoney,contractSize,currency,type,expiry,underlying,spot
AAPL260828C00110000,2026-07-20 14:11:21+00:00,110.0,217.92,197.15,201.0,0.0,0.0,2.0,5,1.53515857421875,True,REGULAR,USD,call,2026-08-28,AAPL,308.9100036621094
AAPL260828C00120000,2026-07-20 13:32:37+00:00,120.0,212.0,187.35,191.05,0.0,0.0,10.0,10,1.5146508642578125,True,REGULAR,USD,call,2026-08-28,AAPL,308.9100036621094
AAPL260828C00150000,2026-07-22 19:54:28+00:00,150.0,176.89,157.2,161.0,0.0,0.0,,9,1.1171919140625,True,REGULAR,USD,call,2026-08-28,AAPL,308.9100036621094
AAPL260828C00165000,2026-07-15 15:43:20+00:00,165.0,162.23,142.3,146.2,0.0,0.0,8.0,8,1.0605515722656251,True,REGULAR,USD,call,2026-08-28,AAPL,308.9100036621094
AAPL260828C00185000,2026-07-31 13:30:55+00:00,185.0,119.66,122.5,126.2,-21.259995,-15.086571,1.0,1,0.918946123046875,True,REGULAR,USD,call,2026-08-28,AAPL,308.9100036621094
AAPL260828C00195000,2026-07-28 14:29:12+00:00,195.0,143.33,112.45,116.2,0.0,0.0,1.0,1,0.8271501660156249,True,REGULAR,USD,call,2026-08-28,AAPL,308.9100036621094
AAPL260828C00200000,2026-07-20 16:37:49+00:00,200.0,125.0,107.65,111.2,0.0,0.0,3.0,0,0.81445498046875,True,REGULAR,USD,call,2026-08-28,AAPL,308.9100036621094
AAPL260828C00210000,2026-07-30 16:24:54+00:00,210.0,122.02,97.7,101.45,0.0,0.0,1.0,2,0.7666038964843751,True,REGULAR,USD,call,2026-08-28,AAPL,308.9100036621094
AAPL260828C00220000,2026-07-31 19:57:42+00:00,220.0,89.68,87.75,91.3,-19.849998,-18.122887,2.0,80,0.6772493212890626,True,REGULAR,USD,call,2026-08-28,AAPL,308.9100036621094
AAPL260828C00225000,2026-07-22 13:52:40+00:00,225.0,102.33,82.7,86.3,0.0,0.0,,1,0.6342810009765626,True,REGULAR,USD,call,2026-08-28,AAPL,308.9100036621094
AAPL260828C00240000,2026-07-31 19:58:15+00:00,240.0,69.72,67.9,71.4,-21.36,-23.45191,4.0,31,0.5459029785156251,True,REGULAR,USD,call,2026-08-28,AAPL,308.9100036621094
AAPL260828C00250000,2026-07-31 19:54:50+00:00,250.0,60.0,58.65,61.35,-21.71,-26.569574,19.0,6,0.512578116455078,True,REGULAR,USD,call,2026-08-28,AAPL,308.9100036621094
AAPL260828C00255000,2026-07-31 19:54:46+00:00,255.0,54.6,54.0,56.4,-30.400002,-35.76471,2.0,30,0.5860637097167969,True,REGULAR,USD,call,2026-08-28,AAPL,308.9100036621094
AAPL260828C00260000,2026-07-31 19:18:05+00:00,260.0,46.65,48.8,51.5,-31.400002,-40.23062,12.0,17,0.5482222912597658,True,REGULAR,USD,call,2026-08-28,AAPL,308.9100036621094
AAPL260828C00265000,2026-07-31 19:44:13+00:00,265.0,42.8,43.95,46.3,-25.2,-37.058823,7.0,6,0.49158223266601564,True,REGULAR,USD,call,2026-08-28,AAPL,308.9100036621094
AAPL260828C00270000,2026-07-31 18:13:24+00:00,270.0,33.5,39.05,41.5,-31.279999,-48.286507,13.0,50,0.4596001306152344,True,REGULAR,USD,call,2026-08-28,AAPL,308.9100036621094
AAPL260828C00275000,2026-07-31 19:56:58+00:00,275.0,36.0,34.85,36.8,-21.77,-37.683918,48.0,63,0.43103596313476567,True,REGULAR,USD,call,2026-08-28,AAPL,308.9100036621094
AAPL260828C00280000,2026-07-31 19:58:13+00:00,280.0,31.25,30.05,32.2,-30.240002,-49.17873,79.0,113,0.40454697021484376,True,REGULAR,USD,call,2026-08-28,AAPL,308.9100036621094
AAPL260828C00285000,2026-07-31 19:58:13+00:00,285.0,26.7,25.5,27.75,-21.419998,-44.513714,37.0,30,0.38086556640624997,True,REGULAR,USD,call,2026-08-28,AAPL,308.9100036621094
AAPL260828C00290000,2026-07-31 19:58:44+00:00,290.0,22.91,21.4,23.45,-20.61,-47.35754,231.0,117,0.35816071533203125,True,REGULAR,USD,call,2026-08-28,AAPL,308.9100036621094
AAPL260828C00295000,2026-07-31 19:58:13+00:00,295.0,18.5,17.55,19.45,-22.5,-54.87805,240.0,226,0.34015552429199214,True,REGULAR,USD,call,2026-08-28,AAPL,308.9100036621094
AAPL260828C00300000,2026-07-31 19:59:26+00:00,300.0,15.05,14.1,15.75,-20.52,-57.689064,2087.0,179,0.3242865423583984,True,REGULAR,USD,call,2026-08-28,AAPL,308.9100036621094
AAPL260828C00305000,2026-07-31 19:59:32+00:00,305.0,11.8,10.95,12.3,-19.27,-62.021244,2255.0,303,0.307074800415039,True,REGULAR,USD,call,2026-08-28,AAPL,308.9100036621094
AAPL260828C00310000,2026-07-31 19:59:52+00:00,310.0,8.9,8.35,9.7,-17.1,-65.76923,1359.0,1719,0.30487755676269535,False,REGULAR,USD,call,2026-08-28,AAPL,308.9100036621094
AAPL260828C00315000,2026-07-31 19:59:46+00:00,315.0,6.44,6.2,6.85,-15.549999,-70.71396,1114.0,234,0.2833323620605468,False,REGULAR,USD,call,2026-08-28,AAPL,308.9100036621094
AAPL260828C00320000,2026-07-31 19:59:46+00:00,320.0,4.95,4.35,5.05,-14.500001,-74.550125,2673.0,413,0.2811961529541015,False,REGULAR,USD,call,2026-08-28,AAPL,308.9100036621094
AAPL260828C00325000,2026-07-31 19:59:16+00:00,325.0,3.45,3.25,3.6,-12.840001,-78.821365,2579.0,2212,0.278327529296875,False,REGULAR,USD,call,2026-08-28,AAPL,308.9100036621094
AAPL260828C00330000,2026-07-31 19:59:40+00:00,330.0,2.6,2.22,2.62,-10.98,-80.854195,1574.0,897,0.2811961529541015,False,REGULAR,USD,call,2026-08-28,AAPL,308.9100036621094
AAPL260828C00335000,2026-07-31 19:59:51+00:00,335.0,1.63,1.44,1.87,-9.42,-85.24887,910.0,907,0.2834544311523437,False,REGULAR,USD,call,2026-08-28,AAPL,308.9100036621094
AAPL260828C00340000,2026-07-31 19:59:42+00:00,340.0,1.2,0.93,1.33,-7.25,-85.79882,2520.0,2512,0.28650615844726557,False,REGULAR,USD,call,2026-08-28,AAPL,308.9100036621094
AAPL260828C00345000,2026-07-31 19:59:19+00:00,345.0,0.84,0.75,0.94,-5.66,-87.07692,2972.0,2444,0.2898020239257812,False,REGULAR,USD,call,2026-08-28,AAPL,308.9100036621094
AAPL260828C00350000,2026-07-31 19:59:25+00:00,350.0,0.58,0.5,0.67,-4.28,-88.06584,1796.0,1237,0.2941965112304687,False,REGULAR,USD,call,2026-08-28,AAPL,308.9100036621094
AAPL260828C00355000,2026-07-31 19:59:23+00:00,355.0,0.39,0.32,0.47,-4.06,-91.23596,2224.0,1210,0.2978585839843749,False,REGULAR,USD,call,2026-08-28,AAPL,308.9100036621094
AAPL260828C00360000,2026-07-31 19:59:23+00:00,360.0,0.29,0.24,0.42,-2.41,-89.25926,1055.0,3965,0.3147041186523437,False,REGULAR,USD,call,2026-08-28,AAPL,308.9100036621094
AAPL260828C00365000,2026-07-31 19:52:01+00:00,365.0,0.24,0.12,0.42,-1.66,-87.36842,519.0,1316,0.33740896972656254,False,REGULAR,USD,call,2026-08-28,AAPL,308.9100036621094
AAPL260828C00370000,2026-07-31 19:58:49+00:00,370.0,0.16,0.1,0.38,-1.2,-88.2353,411.0,796,0.3532779516601562,False,REGULAR,USD,call,2026-08-28,AAPL,308.9100036621094
AAPL260828C00375000,2026-07-31 19:48:01+00:00,375.0,0.09,0.08,0.31,-0.82000005,-90.10989,141.0,464,0.362311064453125,False,REGULAR,USD,call,2026-08-28,AAPL,308.9100036621094
AAPL260828C00380000,2026-07-31 18:47:46+00:00,380.0,0.07,0.03,0.12,-0.66,-90.41096,469.0,454,0.33399103515625,False,REGULAR,USD,call,2026-08-28,AAPL,308.9100036621094
AAPL260828C00385000,2026-07-31 19:43:16+00:00,385.0,0.05,0.05,0.28,-0.36999997,-88.09524,69.0,436,0.39600213378906257,False,REGULAR,USD,call,2026-08-28,AAPL,308.9100036621094
AAPL260828C00390000,2026-07-31 19:59:42+00:00,390.0,0.05,0.03,0.26,-0.35999998,-87.80488,27.0,143,0.4106504248046875,False,REGULAR,USD,call,2026-08-28,AAPL,308.9100036621094
AAPL260828C00395000,2026-07-31 18:42:58+00:00,395.0,0.04,0.02,0.05,-0.28,-87.5,5.0,261,0.34961587890624996,False,REGULAR,USD,call,2026-08-28,AAPL,308.9100036621094
AAPL260828C00400000,2026-07-31 19:32:16+00:00,400.0,0.05,0.03,0.18,-0.15,-75.0,674.0,1291,0.42529871582031253,False,REGULAR,USD,call,2026-08-28,AAPL,308.9100036621094
AAPL260828P00190000,2026-07-24 15:57:12+00:00,190.0,0.04,0.0,0.64,0.0,0.0,,5,0.8359391406249999,False,REGULAR,USD,put,2026-08-28,AAPL,308.9100036621094
AAPL260828P00200000,2026-07-31 19:32:16+00:00,200.0,0.06,0.0,0.12,-0.010000002,-14.285716,21.0,167,0.6132851171875001,False,REGULAR,USD,put,2026-08-28,AAPL,308.9100036621094
AAPL260828P00205000,2026-07-20 18:38:54+00:00,205.0,0.13,0.0,0.1,0.0,0.0,,6,0.570316796875,False,REGULAR,USD,put,2026-08-28,AAPL,308.9100036621094
AAPL260828P00210000,2026-07-30 19:37:52+00:00,210.0,0.07,0.01,0.07,0.0,0.0,1.0,8,0.5273484765625001,False,REGULAR,USD,put,2026-08-28,AAPL,308.9100036621094
AAPL260828P00215000,2026-07-31 15:02:40+00:00,215.0,0.07,0.02,0.11,-0.16,-69.565216,1.0,18,0.52539537109375,False,REGULAR,USD,put,2026-08-28,AAPL,308.9100036621094
AAPL260828P00220000,2026-07-31 13:34:20+00:00,220.0,0.28,0.01,0.14,0.19,211.1111,1.0,12,0.5019581054687501,False,REGULAR,USD,put,2026-08-28,AAPL,308.9100036621094
AAPL260828P00225000,2026-07-31 19:10:57+00:00,225.0,0.1,0.04,0.15,0.030000001,42.857143,4.0,15,0.514653291015625,False,REGULAR,USD,put,2026-08-28,AAPL,308.9100036621094
AAPL260828P00230000,2026-07-31 18:07:55+00:00,230.0,0.14,0.04,0.18,0.08,133.33334,6.0,7,0.495122236328125,False,REGULAR,USD,put,2026-08-28,AAPL,308.9100036621094
AAPL260828P00235000,2026-07-31 19:53:27+00:00,235.0,0.15,0.11,0.21,-0.099999994,-39.999996,197.0,13,0.47363807617187503,False,REGULAR,USD,put,2026-08-28,AAPL,308.9100036621094
AAPL260828P00240000,2026-07-31 19:38:27+00:00,240.0,0.18,0.08,0.24,0.040000007,28.571432,115.0,30,0.450200810546875,False,REGULAR,USD,put,2026-08-28,AAPL,308.9100036621094
AAPL260828P00245000,2026-07-31 19:09:59+00:00,245.0,0.29,0.11,0.29,0.08999999,44.999992,94.0,50,0.43066975585937506,False,REGULAR,USD,put,2026-08-28,AAPL,308.9100036621094
AAPL260828P00250000,2026-07-31 19:44:28+00:00,250.0,0.3,0.22,0.3,0.04000002,15.3846245,219.0,621,0.4008848974609375,False,REGULAR,USD,put,2026-08-28,AAPL,308.9100036621094
AAPL260828P00255000,2026-07-31 19:54:50+00:00,255.0,0.35,0.28,0.38,0.07999998,29.629622,179.0,209,0.383795224609375,False,REGULAR,USD,put,2026-08-28,AAPL,308.9100036621094
AAPL260828P00260000,2026-07-31 19:48:35+00:00,260.0,0.52,0.34,0.5,0.17999998,52.941166,370.0,159,0.36939107177734376,False,REGULAR,USD,put,2026-08-28,AAPL,308.9100036621094
AAPL260828P00265000,2026-07-31 19:57:59+00:00,265.0,0.56,0.44,0.63,0.18,47.368423,355.0,51,0.35156898437499995,False,REGULAR,USD,put,2026-08-28,AAPL,308.9100036621094
AAPL260828P00270000,2026-07-31 19:59:32+00:00,270.0,0.74,0.62,0.8,0.26000002,54.166676,1167.0,231,0.33399103515625,False,REGULAR,USD,put,2026-08-28,AAPL,308.9100036621094
AAPL260828P00275000,2026-07-31 19:57:44+00:00,275.0,0.94,0.87,1.12,0.36,62.06897,1033.0,309,0.32398136962890617,False,REGULAR,USD,put,2026-08-28,AAPL,308.9100036621094
AAPL260828P00280000,2026-07-31 19:59:23+00:00,280.0,1.31,1.2,1.45,0.54999995,72.368416,2435.0,385,0.3073799731445312,False,REGULAR,USD,put,2026-08-28,AAPL,308.9100036621094
AAPL260828P00285000,2026-07-31 19:59:50+00:00,285.0,1.81,1.68,2.1,0.85999995,90.52631,1128.0,244,0.301764794921875,False,REGULAR,USD,put,2026-08-28,AAPL,308.9100036621094
AAPL260828P00290000,2026-07-31 19:59:56+00:00,290.0,2.7,2.41,2.9,1.5500001,134.78261,671.0,369,0.29291478576660146,False,REGULAR,USD,put,2026-08-28,AAPL,308.9100036621094
AAPL260828P00295000,2026-07-31 19:59:56+00:00,295.0,3.8,3.4,4.1,2.34,160.27396,1757.0,301,0.2893137475585937,False,REGULAR,USD,put,2026-08-28,AAPL,308.9100036621094
AAPL260828P00300000,2026-07-31 19:58:14+00:00,300.0,5.0,4.55,5.35,3.1,163.1579,1689.0,2194,0.2761913201904296,False,REGULAR,USD,put,2026-08-28,AAPL,308.9100036621094
AAPL260828P00305000,2026-07-31 19:54:15+00:00,305.0,7.11,6.6,7.25,4.51,173.46156,305.0,475,0.27246821289062495,False,REGULAR,USD,put,2026-08-28,AAPL,308.9100036621094
AAPL260828P00310000,2026-07-31 19:44:12+00:00,310.0,10.57,8.9,9.6,7.3199997,225.23076,525.0,1493,0.26947752014160153,True,REGULAR,USD,put,2026-08-28,AAPL,308.9100036621094
AAPL260828P00315000,2026-07-31 19:58:17+00:00,315.0,11.63,11.25,12.55,7.13,158.44446,189.0,612,0.27149166015625,True,REGULAR,USD,put,2026-08-28,AAPL,308.9100036621094
AAPL260828P00320000,2026-07-31 19:58:45+00:00,320.0,14.74,13.65,16.6,9.03,158.1436,979.0,2617,0.29621065124511714,True,REGULAR,USD,put,2026-08-28,AAPL,308.9100036621094
AAPL260828P00325000,2026-07-31 19:58:52+00:00,325.0,17.7,17.55,19.95,10.450001,144.13794,292.0,780,0.28784891845703114,True,REGULAR,USD,put,2026-08-28,AAPL,308.9100036621094
AAPL260828P00330000,2026-07-31 19:39:49+00:00,330.0,26.07,21.55,24.05,16.82,181.83783,447.0,769,0.29529513305664057,True,REGULAR,USD,put,2026-08-28,AAPL,308.9100036621094
AAPL260828P00335000,2026-07-31 19:23:27+00:00,335.0,30.69,25.8,28.5,19.04,163.43349,410.0,679,0.30927204406738285,True,REGULAR,USD,put,2026-08-28,AAPL,308.9100036621094
AAPL260828P00340000,2026-07-31 19:11:30+00:00,340.0,36.06,30.35,33.0,21.5,147.66483,174.0,588,0.319220675048828,True,REGULAR,USD,put,2026-08-28,AAPL,308.9100036621094
AAPL260828P00345000,2026-07-31 13:38:23+00:00,345.0,44.0,35.1,37.9,25.89,142.95967,10.0,64,0.3458317370605468,True,REGULAR,USD,put,2026-08-28,AAPL,308.9100036621094
AAPL260828P00350000,2026-07-31 13:58:05+00:00,350.0,42.5,39.95,42.9,21.85,105.81114,40.0,82,0.3764710791015625,True,REGULAR,USD,put,2026-08-28,AAPL,308.9100036621094
AAPL260828P00355000,2026-07-31 13:41:11+00:00,355.0,53.7,44.65,47.4,28.300001,111.41733,1.0,16,0.37305314453125,True,REGULAR,USD,put,2026-08-28,AAPL,308.9100036621094
AAPL260828P00360000,2026-07-30 13:37:46+00:00,360.0,29.1,49.35,52.95,0.0,0.0,1.0,4,0.43774976318359377,True,REGULAR,USD,put,2026-08-28,AAPL,308.9100036621094
AAPL260828P00395000,2026-07-22 15:05:27+00:00,395.0,70.35,84.25,88.0,0.0,0.0,1.0,0,0.6214637463378907,True,REGULAR,USD,put,2026-08-28,AAPL,308.9100036621094
AAPL260828P00400000,2026-07-30 14:03:39+00:00,400.0,69.0,89.25,92.95,0.0,0.0,1.0,0,0.6408727319335938,True,REGULAR,USD,put,2026-08-28,AAPL,308.9100036621094
